data_source,LinearSVC,LogisticRegression,PolySVC,RBFSVC,RandomForest
All,0.6900161030595813,0.6822660098522167,0.6725571725571726,0.6729055258467023,0.6714285714285715
All And Medical,0.7190152801358234,0.6961805555555556,0.5972222222222222,0.6729055258467023,0.6468253968253967
All And Medical And Content,0.6961805555555556,0.7,0.5761904761904761,0.6948529411764706,0.7017543859649122
Content,0.6166666666666667,0.6166666666666667,0.6948529411764706,0.7408088235294117,0.5606060606060606
Medical,0.5916808149405772,0.6166666666666667,0.5659722222222222,0.6029411764705883,0.5659722222222222
Medical And Content,0.5837789661319073,0.6527777777777778,0.6729055258467023,0.6729055258467023,0.5023310023310024
Non Medical,0.6765704584040747,0.625,0.5972222222222222,0.6488970588235294,0.7174688057040999
