data_source,LinearSVC,LogisticRegression,PolySVC,RBFSVC,RandomForest
All,0.7048611111111112,0.6927083333333333,0.6440972222222222,0.6684027777777778,0.65625
All And Medical,0.7239583333333333,0.6961805555555556,0.5850694444444444,0.6684027777777778,0.6284722222222222
All And Medical And Content,0.6961805555555556,0.7083333333333333,0.5694444444444444,0.6840277777777778,0.6597222222222222
Content,0.6215277777777778,0.6215277777777778,0.6840277777777778,0.7274305555555556,0.5451388888888888
Medical,0.59375,0.6215277777777778,0.5659722222222222,0.5972222222222222,0.5659722222222222
Medical And Content,0.5815972222222222,0.6527777777777778,0.6684027777777778,0.6684027777777778,0.5017361111111112
Non Medical,0.6805555555555556,0.6336805555555556,0.5850694444444444,0.640625,0.7118055555555556
