data_source,LinearSVC,LogisticRegression,PolySVC,RBFSVC,RandomForest
All,0.6899545266639107,0.6847414880201765,0.6493688639551192,0.6703296703296704,0.66078697421981
All And Medical,0.7211497211497211,0.6961805555555556,0.5863970588235294,0.6703296703296704,0.6323529411764706
All And Medical And Content,0.6961805555555556,0.7028862478777589,0.5703301673450927,0.6880570409982174,0.6666666666666667
Content,0.6179966044142615,0.6179966044142615,0.6880570409982174,0.732620320855615,0.5386109762020399
Medical,0.5924495924495925,0.6179966044142615,0.5659722222222222,0.5989304812834224,0.5659722222222222
Medical And Content,0.5824175824175825,0.6527777777777778,0.6703296703296704,0.6703296703296704,0.4900437105390966
Non Medical,0.6782496782496783,0.625,0.5863970588235294,0.64349376114082,0.7142857142857143
