data_source,LinearSVC,LogisticRegression,PolySVC,RBFSVC,RandomForest
All,0.6342788719600314,0.6563259905853315,0.6553199834449835,0.6144080454609013,0.5882148553201184
All And Medical,0.6600004409851609,0.655787037037037,0.6042375203241077,0.641367232698502,0.5715913715913715
All And Medical And Content,0.6178361029304124,0.6349206349206349,0.5525779775779776,0.6477820516290252,0.602681007369675
Content,0.6566025278249387,0.6420138888888889,0.6068151013003954,0.65721062075976,0.562745879851143
Medical,0.5827919653524493,0.597337962962963,0.5173100201219895,0.5734072927416581,0.5636621234987109
Medical And Content,0.5798871063576946,0.5910607298474946,0.519113144086503,0.6372622149092737,0.5656509979140559
Non Medical,0.6831071574545683,0.6717914438502675,0.5897985456808986,0.6562957127295362,0.6387889440627778
