data_source,LinearSVC,LogisticRegression,PolySVC,RBFSVC,RandomForest
All,0.632945339497122,0.6549878465451219,0.6439821594447347,0.6071268736709913,0.5853416898193018
All And Medical,0.6609109109109109,0.6559709645978746,0.5981350740185244,0.6264798003928439,0.5658465900435565
All And Medical And Content,0.6157170409379483,0.632260061016111,0.5386139141811364,0.6383176216363222,0.5915381093780323
Content,0.6581653203045393,0.6434192840973402,0.5994304900335755,0.6312564945723689,0.5566895508837425
Medical,0.5834562240812241,0.5977812755454947,0.5172627985127985,0.5647811440885097,0.5638429252075262
Medical And Content,0.5796252417644608,0.5906522331154683,0.5137977490918667,0.623303670989949,0.5604745947573705
Non Medical,0.6842266373516374,0.6698717948717948,0.5848124506212741,0.6517442958262757,0.6360478706143525
