data_source,method,best_mean,best_std,best_count
All,pca_live,0.6732638888888889,0.02520053636689131,5
All And Medical,select_k_best,0.6611111111111111,0.03074000863697622,10
All And Medical And Content,pca_live,0.6635416666666666,0.055588098107729585,5
Content,select_k_best,0.6489583333333333,0.0887405853770165,5
Medical,select_k_best,0.595486111111111,0.05686923386860835,5
Medical And Content,pca_live,0.6145833333333334,0.07258522555682936,5
Non Medical,select_k_best,0.6725694444444444,0.02875348039856852,5
