data_source,method,best_mean,best_std,best_count
All,pca_live,0.6710363046377374,0.01673885650196753,5
All And Medical,pca_live,0.6612819894069893,0.05017427054961642,10
All And Medical And Content,pca_live,0.6648241356886583,0.05455323618724989,5
Content,select_k_best,0.644891222249678,0.08820825519016007,5
Medical,select_k_best,0.591765987879819,0.05760595537754057,5
Medical And Content,pca_live,0.6131796822787595,0.07779624952355989,5
Non Medical,select_k_best,0.6711750037057415,0.026773382954164756,5
