data_source,method,best_mean,best_std,best_count
All,pca_live,0.6778346765488489,0.00808100588603589,5
All And Medical,pca_live,0.66642979611714,0.04438792790884233,10
All And Medical And Content,pca_live,0.6737956717774829,0.0546342894583726,5
Content,select_k_best,0.6462907035148121,0.0830526105589723,5
Medical,select_k_best,0.5930750801735521,0.05671722597039304,5
Medical And Content,pca_live,0.6169397595868185,0.07379617706265228,5
Non Medical,select_k_best,0.6712529591295708,0.025568576550579886,5
