method,mean,std,count
pca_live,0.6439236111111111,0.05537971861624006,40
select_k_best,0.6423177083333333,0.05395710541448783,40
rfe,0.5507378472222222,0.07305801265647831,40
