method,mean,std,count
pca_live,0.6486285326764658,0.054655180345734175,40
select_k_best,0.6406425823817603,0.05131968198413426,40
rfe,0.5529513429418301,0.07861234840956326,40
