method,mean,std,count
pca_live,0.6435512347267882,0.05616597238368516,40
select_k_best,0.6360181643722725,0.05378811164542175,40
rfe,0.5478925545798752,0.07492275715160696,40
