method,mean,std,count
pca_live,0.6734285714285715,0.0498951281141136,70
select_k_best,0.6582857142857143,0.05413272547058485,70
rfe,0.5908571428571429,0.06917197340514367,70
