data_source,LinearSVC,LogisticRegression,PolySVC,RBFSVC,RandomForest
All,0.6429398148148149,0.6597222222222222,0.6417824074074074,0.6174768518518519,0.5920138888888888
All And Medical,0.6649305555555555,0.6568287037037037,0.5972222222222222,0.6371527777777778,0.5711805555555555
All And Medical And Content,0.6174768518518519,0.6331018518518517,0.5393518518518517,0.6464120370370371,0.592013888888889
Content,0.6608796296296297,0.6464120370370371,0.5983796296296297,0.6313657407407408,0.5653935185185185
Medical,0.5844907407407408,0.5989583333333334,0.517361111111111,0.5711805555555555,0.5648148148148148
Medical And Content,0.5804398148148148,0.5908564814814815,0.5202546296296297,0.6290509259259259,0.5642361111111112
Non Medical,0.685763888888889,0.6712962962962963,0.5856481481481481,0.6498842592592592,0.6394675925925926
